{
    "name": "root",
    "gauges": {
        "ArrangementRL.Policy.Entropy.mean": {
            "value": 1.4189385175704956,
            "min": 1.4189385175704956,
            "max": 1.4189385175704956,
            "count": 1
        },
        "ArrangementRL.Policy.Entropy.sum": {
            "value": 14.189385414123535,
            "min": 14.189385414123535,
            "max": 14.189385414123535,
            "count": 1
        },
        "ArrangementRL.Environment.EpisodeLength.mean": {
            "value": 0.0,
            "min": 0.0,
            "max": 0.0,
            "count": 1
        },
        "ArrangementRL.Environment.EpisodeLength.sum": {
            "value": 0.0,
            "min": 0.0,
            "max": 0.0,
            "count": 1
        },
        "ArrangementRL.Policy.ExtrinsicValueEstimate.mean": {
            "value": -0.10813771933317184,
            "min": -0.10813771933317184,
            "max": -0.10813771933317184,
            "count": 1
        },
        "ArrangementRL.Policy.ExtrinsicValueEstimate.sum": {
            "value": -0.9732394814491272,
            "min": -0.9732394814491272,
            "max": -0.9732394814491272,
            "count": 1
        },
        "ArrangementRL.Environment.CumulativeReward.mean": {
            "value": 0.3671090039942,
            "min": 0.3671090039942,
            "max": 0.3671090039942,
            "count": 1
        },
        "ArrangementRL.Environment.CumulativeReward.sum": {
            "value": 3.3039810359477997,
            "min": 3.3039810359477997,
            "max": 3.3039810359477997,
            "count": 1
        },
        "ArrangementRL.Policy.ExtrinsicReward.mean": {
            "value": 0.3671090039942,
            "min": 0.3671090039942,
            "max": 0.3671090039942,
            "count": 1
        },
        "ArrangementRL.Policy.ExtrinsicReward.sum": {
            "value": 3.3039810359477997,
            "min": 3.3039810359477997,
            "max": 3.3039810359477997,
            "count": 1
        },
        "ArrangementRL.IsTraining.mean": {
            "value": 1.0,
            "min": 1.0,
            "max": 1.0,
            "count": 1
        },
        "ArrangementRL.IsTraining.sum": {
            "value": 1.0,
            "min": 1.0,
            "max": 1.0,
            "count": 1
        }
    },
    "metadata": {
        "timer_format_version": "0.1.0",
        "start_time_seconds": "1610679706",
        "python_version": "3.8.4 (tags/v3.8.4:dfa645a, Jul 13 2020, 16:46:45) [MSC v.1924 64 bit (AMD64)]",
        "command_line_arguments": "C:\\Program Files\\Python38\\Scripts\\mlagents-learn config/arrangementRL_config.yaml --run-id RandomExp25",
        "mlagents_version": "0.24.0.dev0",
        "mlagents_envs_version": "0.24.0.dev0",
        "communication_protocol_version": "1.3.0",
        "pytorch_version": "1.7.0+cu110",
        "numpy_version": "1.18.5",
        "end_time_seconds": "1610679787"
    },
    "total": 80.4380789,
    "count": 1,
    "self": 0.0050492999999960375,
    "children": {
        "run_training.setup": {
            "total": 0.008100999999999914,
            "count": 1,
            "self": 0.008100999999999914
        },
        "TrainerController.start_learning": {
            "total": 80.4249286,
            "count": 1,
            "self": 0.002400899999983608,
            "children": {
                "TrainerController._reset_env": {
                    "total": 33.0310202,
                    "count": 1,
                    "self": 33.0310202
                },
                "TrainerController.advance": {
                    "total": 47.311413900000005,
                    "count": 11,
                    "self": 0.00011770000000410619,
                    "children": {
                        "env_step": {
                            "total": 47.3112962,
                            "count": 11,
                            "self": 47.00021189999997,
                            "children": {
                                "SubprocessEnvManager._take_step": {
                                    "total": 0.3109899000000169,
                                    "count": 11,
                                    "self": 0.0005897000000203434,
                                    "children": {
                                        "TorchPolicy.evaluate": {
                                            "total": 0.3104001999999966,
                                            "count": 11,
                                            "self": 0.007284399999996083,
                                            "children": {
                                                "TorchPolicy.sample_actions": {
                                                    "total": 0.3031158000000005,
                                                    "count": 11,
                                                    "self": 0.3031158000000005
                                                }
                                            }
                                        }
                                    }
                                },
                                "workers": {
                                    "total": 9.440000001603721e-05,
                                    "count": 10,
                                    "self": 0.0,
                                    "children": {
                                        "worker_root": {
                                            "total": 46.71390070000001,
                                            "count": 10,
                                            "is_parallel": true,
                                            "self": 1.6260479000000032,
                                            "children": {
                                                "steps_from_proto": {
                                                    "total": 0.0002519999999996969,
                                                    "count": 1,
                                                    "is_parallel": true,
                                                    "self": 9.250000000093905e-05,
                                                    "children": {
                                                        "_process_vector_observation": {
                                                            "total": 0.00015949999999875786,
                                                            "count": 2,
                                                            "is_parallel": true,
                                                            "self": 0.00015949999999875786
                                                        }
                                                    }
                                                },
                                                "UnityEnvironment.step": {
                                                    "total": 45.087600800000004,
                                                    "count": 10,
                                                    "is_parallel": true,
                                                    "self": 0.0005484000000137712,
                                                    "children": {
                                                        "UnityEnvironment._generate_step_input": {
                                                            "total": 0.002074199999995585,
                                                            "count": 10,
                                                            "is_parallel": true,
                                                            "self": 0.002074199999995585
                                                        },
                                                        "communicator.exchange": {
                                                            "total": 45.0831135,
                                                            "count": 10,