{
    "name": "root",
    "metadata": {
        "timer_format_version": "0.1.0",
        "start_time_seconds": "1610278602",
        "python_version": "3.8.4 (tags/v3.8.4:dfa645a, Jul 13 2020, 16:46:45) [MSC v.1924 64 bit (AMD64)]",
        "command_line_arguments": "C:\\Program Files\\Python38\\Scripts\\mlagents-learn --time-scale=100 --no-graphics",
        "mlagents_version": "0.23.0.dev0",
        "mlagents_envs_version": "0.23.0.dev0",
        "communication_protocol_version": "1.2.0",
        "pytorch_version": "1.7.0+cu110",
        "numpy_version": "1.18.5",
        "end_time_seconds": "1610294153"
    },
    "total": 15550.524315899998,
    "count": 1,
    "self": 0.005213899998125271,
    "children": {
        "run_training.setup": {
            "total": 0.00908180000000014,
            "count": 1,
            "self": 0.00908180000000014
        },
        "TrainerController.start_learning": {
            "total": 15550.5100202,
            "count": 1,
            "self": 0.05833309998160985,
            "children": {
                "TrainerController._reset_env": {
                    "total": 19.1202277,
                    "count": 1,
                    "self": 19.1202277
                },
                "TrainerController.advance": {
                    "total": 15530.318400400018,
                    "count": 1025,
                    "self": 0.009450900010051555,
                    "children": {
                        "env_step": {
                            "total": 15530.308949500008,
                            "count": 1025,
                            "self": 15526.798442199975,
                            "children": {
                                "SubprocessEnvManager._take_step": {
                                    "total": 3.500181700018736,
                                    "count": 1025,
                                    "self": 0.04946740002250394,
                                    "children": {
                                        "TorchPolicy.evaluate": {
                                            "total": 3.450714299996232,
                                            "count": 1025,
                                            "self": 0.9737510000012861,
                                            "children": {
                                                "TorchPolicy.sample_actions": {
                                                    "total": 2.476963299994946,
                                                    "count": 1025,
                                                    "self": 2.476963299994946
                                                }
                                            }
                                        }
                                    }
                                },
                                "workers": {
                                    "total": 0.010325600013182168,
                                    "count": 1024,
                                    "self": 0.0,
                                    "children": {
                                        "worker_root": {
                                            "total": 15526.481672000005,
                                            "count": 1024,
                                            "is_parallel": true,
                                            "self": 6.024363399987124,
                                            "children": {
                                                "steps_from_proto": {
                                                    "total": 0.00029310000000037917,
                                                    "count": 1,
                                                    "is_parallel": true,
                                                    "self": 8.239999999659631e-05,
                                                    "children": {
                                                        "_process_vector_observation": {
                                                            "total": 0.00021070000000378286,
                                                            "count": 2,
                                                            "is_parallel": true,
                                                            "self": 0.00021070000000378286
                                                        }
                                                    }
                                                },
                                                "UnityEnvironment.step": {
                                                    "total": 15520.457015500018,
                                                    "count": 1024,
                                                    "is_parallel": true,
                                                    "self": 0.05585129999417404,
                                                    "children": {
                                                        "UnityEnvironment._generate_step_input": {
                                                            "total": 0.14623100002041056,
                                                            "count": 1024,
                                                            "is_parallel": true,
                                                            "self": 0.14623100002041056
                                                        },
                                                        "communicator.exchange": {
                                                            "total": 15520.031990299996,
                                                            "count": 1024,
                                                            "is_parallel": true,
                                                            "self": 15520.031990299996
                                                        },
                                                        "steps_from_proto": {
                                                            "total": 0.22294290000765926,
                                                            "count": 1024,
                                                            "is_parallel": true,
                                                            "self": 0.07314839999705214,
                                                            "children": {
                                                                "_process_vector_observation": {
                                                                    "total": 0.14979450001060712,
                                                                    "count": 2048,
                                                                    "is_parallel": true,
                                                                    "self": 0.14979450001060712
                                                                }
                                                            }
                                                        }
                                                    }
                                                }
                                            }
                                        }
                                    }
                                }
                            }
                        }
                    }
                },
                "trainer_threads": {
                    "total": 0.00013310000031196978,
                    "count": 1,
                    "self": 0.00013310000031196978,
                    "children": {
                        "thread_root": {
                            "total": 0.0,
                            "count": 0,
                            "is_parallel": true,
                            "self": 0.0,
                            "children": {
                                "trainer_advance": {
                                    "total": 15469.366151200555,